{
    "movies": [
      {
        "id": 1,
        "title": "Inception",
        "description": "A thief who steals corporate secrets through the use of dream-sharing technology is given the inverse task of planting an idea into the mind of a CEO.",
        "rating": 8.8,
        "poster": "./src/assets/2016x1134.webp"
      },
      {
        "id": 2,
        "title": "The Dark Knight",
        "description": "When the menace known as the Joker emerges from his mysterious past, he wreaks havoc and chaos on the people of Gotham.",
        "rating": 9.1,
        "poster": "./src/assets/TenLet.webp"
      },
      {
        "id": 3,
        "title": "Interstellar",
        "description": "A team of explorers travel through a wormhole in space in an attempt to ensure humanity's survival.",
        "rating": 8.6,
        "poster": "./src/assets/FourSlideBackground.webp"
      },
      {
        "id": 4,
        "title": "Inception",
        "description": "A thief who steals corporate secrets through the use of dream-sharing technology is given the inverse task of planting an idea into the mind of a CEO.",
        "rating": 8.8,
        "poster": "./src/assets/2016x1134.webp"
      },
      {
        "id": 5,
        "title": "The Dark Knight",
        "description": "When the menace known as the Joker emerges from his mysterious past, he wreaks havoc and chaos on the people of Gotham.",
        "rating": 9.1,
        "poster": "./src/assets/TenLet.webp"
      },
      {
        "id": 6,
        "title": "Interstellar",
        "description": "A team of explorers travel through a wormhole in space in an attempt to ensure humanity's survival.",
        "rating": 8.6,
        "poster": "./src/assets/FourSlideBackground.webp"
      }
      
    ]
  }