{"file:///c%3A/Users/MIXPC/Desktop/Kino/kino/src/pages/CollectionsPage.module.css":{"language":"CSS","code":87,"comment":48,"blank":8},"file:///c%3A/Users/MIXPC/Desktop/Kino/kino/src/pages/MoviePage.jsx":{"language":"JavaScript JSX","code":34,"comment":1,"blank":8},"file:///c%3A/Users/MIXPC/Desktop/Kino/kino/src/pages/FilmPage.css":{"language":"CSS","code":174,"comment":0,"blank":6},"file:///c%3A/Users/MIXPC/Desktop/Kino/kino/src/pages/MainPage.jsx":{"language":"JavaScript JSX","code":44,"comment":1,"blank":3},"file:///c%3A/Users/MIXPC/Desktop/Kino/kino/src/pages/CollectionsPage.jsx":{"language":"JavaScript JSX","code":53,"comment":1,"blank":7},"file:///c%3A/Users/MIXPC/Desktop/Kino/kino/src/pages/ActorPage.jsx":{"language":"JavaScript JSX","code":48,"comment":1,"blank":12},"file:///c%3A/Users/MIXPC/Desktop/Kino/kino/src/movies.json":{"language":"JSON","code":46,"comment":0,"blank":1},"file:///c%3A/Users/MIXPC/Desktop/Kino/kino/src/pages/ActorPage.module.css":{"language":"CSS","code":45,"comment":0,"blank":3},"file:///c%3A/Users/MIXPC/Desktop/Kino/kino/src/main.jsx":{"language":"JavaScript JSX","code":16,"comment":3,"blank":3},"file:///c%3A/Users/MIXPC/Desktop/Kino/kino/src/components/RandomFilm/RandomFilm.jsx":{"language":"JavaScript JSX","code":33,"comment":0,"blank":3},"file:///c%3A/Users/MIXPC/Desktop/Kino/kino/src/components/RandomFilm/RandomFilm.css":{"language":"CSS","code":82,"comment":0,"blank":3},"file:///c%3A/Users/MIXPC/Desktop/Kino/kino/src/components/Preloader/Preloader.css":{"language":"CSS","code":11,"comment":0,"blank":0},"file:///c%3A/Users/MIXPC/Desktop/Kino/kino/src/components/PlayerModal/PlayerModal.jsx":{"language":"JavaScript JSX","code":22,"comment":0,"blank":4},"file:///c%3A/Users/MIXPC/Desktop/Kino/kino/src/components/PlayerModal/PlayerModal.css":{"language":"CSS","code":37,"comment":0,"blank":1},"file:///c%3A/Users/MIXPC/Desktop/Kino/kino/src/components/Preloader/Preloader.jsx":{"language":"JavaScript JSX","code":8,"comment":0,"blank":2},"file:///c%3A/Users/MIXPC/Desktop/Kino/kino/src/index.css":{"language":"CSS","code":46,"comment":0,"blank":5},"file:///c%3A/Users/MIXPC/Desktop/Kino/kino/src/components/NewRelease/NewRelease.jsx":{"language":"JavaScript JSX","code":55,"comment":1,"blank":9},"file:///c%3A/Users/MIXPC/Desktop/Kino/kino/src/components/MovieSimular/MovieSimular.module.css":{"language":"CSS","code":77,"comment":0,"blank":6},"file:///c%3A/Users/MIXPC/Desktop/Kino/kino/src/components/MovieSimular/MovieSimular.jsx":{"language":"JavaScript JSX","code":52,"comment":0,"blank":5},"file:///c%3A/Users/MIXPC/Desktop/Kino/kino/src/components/MovieInfo/MovieInfo.module.css":{"language":"CSS","code":68,"comment":0,"blank":5},"file:///c%3A/Users/MIXPC/Desktop/Kino/kino/src/components/NewRelease/NewRelease.css":{"language":"CSS","code":86,"comment":0,"blank":11},"file:///c%3A/Users/MIXPC/Desktop/Kino/kino/src/components/MovieInfo/MovieInfo.jsx":{"language":"JavaScript JSX","code":36,"comment":0,"blank":1},"file:///c%3A/Users/MIXPC/Desktop/Kino/kino/src/components/MovieHero/MovieHero.module.css":{"language":"CSS","code":92,"comment":0,"blank":3},"file:///c%3A/Users/MIXPC/Desktop/Kino/kino/src/components/MovieHero/MovieHero.jsx":{"language":"JavaScript JSX","code":82,"comment":0,"blank":8},"file:///c%3A/Users/MIXPC/Desktop/Kino/kino/src/components/MovieActor/MovieActor.module.css":{"language":"CSS","code":25,"comment":0,"blank":4},"file:///c%3A/Users/MIXPC/Desktop/Kino/kino/src/components/MovieActor/MovieActor.jsx":{"language":"JavaScript JSX","code":39,"comment":0,"blank":5},"file:///c%3A/Users/MIXPC/Desktop/Kino/kino/src/components/KinoSlider/KinoSlider.module.css":{"language":"CSS","code":92,"comment":0,"blank":7},"file:///c%3A/Users/MIXPC/Desktop/Kino/kino/src/components/KinoSlider/KinoSlider.jsx":{"language":"JavaScript JSX","code":58,"comment":15,"blank":9},"file:///c%3A/Users/MIXPC/Desktop/Kino/kino/src/components/Hooks/useFetch.jsx":{"language":"JavaScript JSX","code":21,"comment":1,"blank":4},"file:///c%3A/Users/MIXPC/Desktop/Kino/kino/src/components/HeroSection/HeroSection.module.css":{"language":"CSS","code":127,"comment":0,"blank":15},"file:///c%3A/Users/MIXPC/Desktop/Kino/kino/src/components/HeroSection/HeroSection.jsx":{"language":"JavaScript JSX","code":48,"comment":1,"blank":8},"file:///c%3A/Users/MIXPC/Desktop/Kino/kino/src/components/Header/Header.jsx":{"language":"JavaScript JSX","code":28,"comment":0,"blank":2},"file:///c%3A/Users/MIXPC/Desktop/Kino/kino/src/components/Header/Header.css":{"language":"CSS","code":81,"comment":0,"blank":6},"file:///c%3A/Users/MIXPC/Desktop/Kino/kino/src/components/Footer/Footer.jsx":{"language":"JavaScript JSX","code":30,"comment":0,"blank":2},"file:///c%3A/Users/MIXPC/Desktop/Kino/kino/src/assets/react.svg":{"language":"XML","code":1,"comment":0,"blank":0},"file:///c%3A/Users/MIXPC/Desktop/Kino/kino/src/components/Footer/Footer.css":{"language":"CSS","code":70,"comment":0,"blank":2},"file:///c%3A/Users/MIXPC/Desktop/Kino/kino/src/assets/play-solid.svg":{"language":"XML","code":1,"comment":0,"blank":0},"file:///c%3A/Users/MIXPC/Desktop/Kino/kino/src/assets/icons8-vk-circled.svg":{"language":"XML","code":1,"comment":0,"blank":0},"file:///c%3A/Users/MIXPC/Desktop/Kino/kino/src/assets/like.svg":{"language":"XML","code":3,"comment":0,"blank":1},"file:///c%3A/Users/MIXPC/Desktop/Kino/kino/src/assets/icons8-youtube.svg":{"language":"XML","code":1,"comment":0,"blank":0},"file:///c%3A/Users/MIXPC/Desktop/Kino/kino/src/assets/icons8-telegram-app.svg":{"language":"XML","code":1,"comment":0,"blank":0},"file:///c%3A/Users/MIXPC/Desktop/Kino/kino/src/assets/dislike.svg":{"language":"XML","code":3,"comment":0,"blank":1},"file:///c%3A/Users/MIXPC/Desktop/Kino/kino/src/App.jsx":{"language":"JavaScript JSX","code":21,"comment":0,"blank":8},"file:///c%3A/Users/MIXPC/Desktop/Kino/kino/src/App.css":{"language":"CSS","code":71,"comment":0,"blank":3},"file:///c%3A/Users/MIXPC/Desktop/Kino/kino/src/api/FetchTopSerials.jsx":{"language":"JavaScript JSX","code":25,"comment":0,"blank":3},"file:///c%3A/Users/MIXPC/Desktop/Kino/kino/src/api/FetchTopNow.jsx":{"language":"JavaScript JSX","code":25,"comment":0,"blank":1},"file:///c%3A/Users/MIXPC/Desktop/Kino/kino/src/api/FetchWaitFilms.jsx":{"language":"JavaScript JSX","code":25,"comment":0,"blank":3},"file:///c%3A/Users/MIXPC/Desktop/Kino/kino/src/api/FetchTopFilms.jsx":{"language":"JavaScript JSX","code":25,"comment":0,"blank":2},"file:///c%3A/Users/MIXPC/Desktop/Kino/kino/src/api/FetchRandomSerials.jsx":{"language":"JavaScript JSX","code":25,"comment":4,"blank":4},"file:///c%3A/Users/MIXPC/Desktop/Kino/kino/src/api/FetchCollectionMovies.jsx":{"language":"JavaScript JSX","code":26,"comment":0,"blank":1},"file:///c%3A/Users/MIXPC/Desktop/Kino/kino/src/api/FetchFilmId.jsx":{"language":"JavaScript JSX","code":25,"comment":0,"blank":3},"file:///c%3A/Users/MIXPC/Desktop/Kino/kino/src/api/FetchCollection.jsx":{"language":"JavaScript JSX","code":27,"comment":0,"blank":0},"file:///c%3A/Users/MIXPC/Desktop/Kino/kino/src/api/FetchActorId.jsx":{"language":"JavaScript JSX","code":25,"comment":0,"blank":4},"file:///c%3A/Users/MIXPC/Desktop/Kino/kino/src/api/apiClient.jsx":{"language":"JavaScript JSX","code":7,"comment":0,"blank":1},"file:///c%3A/Users/MIXPC/Desktop/Kino/kino/src/api/FetchPopular.jsx":{"language":"JavaScript JSX","code":24,"comment":0,"blank":2},"file:///c%3A/Users/MIXPC/Desktop/Kino/kino/src/api/FetchRandomFilm.jsx":{"language":"JavaScript JSX","code":25,"comment":3,"blank":2}}